{
    "26.0": {
        "Cp": [
            9.73953e-11,
            1.00953e-10,
            9.99756e-11,
            1.02032e-10,
            1.0206e-10,
            1.02096e-10,
            1.02119e-10,
            1.02141e-10,
            1.02103e-10,
            1.01522e-10
        ],
        "D": [
            -0.266108,
            -0.0378188,
            0.010309,
            -0.000661059,
            -0.000525926,
            -0.000203384,
            -0.00032059,
            -0.000411584,
            -0.000698408,
            -0.00241418
        ],
        "freq": [
            20.000000000000004,
            71.87627327609256,
            258.30993300297683,
            928.3177667225565,
            3336.2010744001186,
            11989.685006378819,
            43088.69380063774,
            154852.73653622557,
            556511.8804414253,
            2000000.0000000002
        ]
    },
    "27.0": {
        "Cp": [
            5.84581e-10,
            5.83657e-10,
            5.8275e-10,
            5.7957e-10,
            5.84369e-10,
            5.60675e-10,
            5.6092e-10,
            5.16099e-10,
            4.30972e-10,
            5.44154e-10,
            5.67065e-10,
            5.74483e-10,
            5.571e-10,
            5.64281e-10,
            5.58132e-10,
            5.64003e-10,
            5.69751e-10,
            5.73644e-10,
            5.75223e-10,
            5.72718e-10,
            5.73351e-10,
            5.72444e-10,
            5.72714e-10,
            5.74916e-10,
            5.75011e-10,
            5.74903e-10,
            5.73829e-10,
            5.73705e-10,
            5.7359e-10,
            5.72972e-10,
            5.72762e-10,
            5.72299e-10,
            5.71818e-10,
            5.70802e-10,
            5.69919e-10,
            5.68657e-10,
            5.66945e-10,
            5.64956e-10,
            5.62438e-10,
            5.59285e-10,
            5.55351e-10,
            5.50504e-10,
            5.44532e-10,
            5.37175e-10,
            5.28312e-10,
            5.1756e-10,
            5.04762e-10,
            4.89668e-10,
            4.72162e-10,
            4.52234e-10,
            4.29896e-10,
            4.0544e-10,
            3.79356e-10,
            3.52124e-10,
            3.24614e-10,
            2.97271e-10,
            2.71039e-10,
            2.46479e-10,
            2.2397e-10,
            2.03893e-10,
            1.86183e-10,
            1.70961e-10,
            1.58e-10,
            1.47107e-10,
            1.38073e-10,
            1.30637e-10,
            1.24567e-10,
            1.19638e-10,
            1.15658e-10,
            1.12454e-10,
            1.09877e-10,
            1.07813e-10,
            1.06173e-10,
            1.04866e-10,
            1.03826e-10,
            1.02996e-10,
            1.02334e-10,
            1.01808e-10,
            1.01394e-10,
            1.01066e-10,
            1.00805e-10,
            1.006e-10,
            1.00427e-10,
            1.00296e-10,
            1.00187e-10,
            1.00103e-10,
            1.00033e-10,
            9.99799e-11,
            9.99262e-11,
            9.98771e-11,
            9.98357e-11,
            9.97986e-11,
            9.97616e-11,
            9.97361e-11,
            9.9685e-11,
            9.96279e-11,
            9.95607e-11,
            9.9481e-11,
            9.93972e-11,
            9.92821e-11
        ],
        "D": [
            0.0657336,
            0.0923255,
            0.103099,
            0.0712355,
            0.106652,
            0.115281,
            0.0939563,
            0.239833,
            -0.0458132,
            -0.0235299,
            0.0632918,
            0.0197008,
            0.033986,
            0.0509799,
            0.0726691,
            0.0510025,
            0.0331852,
            0.0278095,
            0.0272094,
            0.0285991,
            0.0301636,
            0.0307014,
            0.034231,
            0.0345228,
            0.0338293,
            0.03701,
            0.0397673,
            0.0432837,
            0.0475287,
            0.0522133,
            0.0575241,
            0.0636737,
            0.0706361,
            0.0785642,
            0.0874063,
            0.0976884,
            0.109022,
            0.121923,
            0.136487,
            0.152822,
            0.171099,
            0.191625,
            0.2145,
            0.239991,
            0.268384,
            0.299869,
            0.334649,
            0.372949,
            0.414822,
            0.460345,
            0.50948,
            0.56183,
            0.616826,
            0.673823,
            0.731246,
            0.788194,
            0.84215,
            0.89101,
            0.932533,
            0.964357,
            0.984729,
            0.992204,
            0.986429,
            0.967609,
            0.9371,
            0.896666,
            0.848509,
            0.79512,
            0.738575,
            0.680868,
            0.623807,
            0.56846,
            0.515598,
            0.465934,
            0.419927,
            0.377363,
            0.338331,
            0.303024,
            0.270992,
            0.242221,
            0.216218,
            0.192875,
            0.171919,
            0.153188,
            0.136385,
            0.121372,
            0.107992,
            0.096031,
            0.0853796,
            0.0758906,
            0.0673021,
            0.0596018,
            0.0526993,
            0.0466084,
            0.0411709,
            0.0362496,
            0.0317738,
            0.0277682,
            0.0242255,
            0.0209948
        ],