{
    "27.0": {
        "2000000.0000000002": {
            "Cp": [
                4.50548e-13,
                4.50042e-13,
                4.50379e-13,
                4.50082e-13,
                4.49996e-13
            ],
            "D": [
                0.167182,
                0.173747,
                0.171355,
                0.173151,
                0.173026
            ],
            "volt": [
                0.1,
                0.325,
                0.55,
                0.775,
                1.0
            ]
        }
    },
    "28.0": {
        "2000000.0000000002": {
            "Cp": [
                4.48779e-13,
                4.50902e-13,
                4.49892e-13,
                4.50206e-13,
                4.5001e-13
            ],
            "D": [
                0.171612,
                0.171802,
                0.174952,
                0.173736,
                0.172126
            ],
            "volt": [
                0.1,
                0.325,
                0.55,
                0.775,
                1.0
            ]
        }
    }
}