{
    "26.0": {
        "20.000000000000004": {
            "Cp": [
                -2.90093e-11,
                -5.85347e-12,
                3.05912e-12,
                -6.04126e-12,
                -7.15777e-12
            ],
            "D": [
                -1.01357,
                -8.13819,
                -10.2875,
                -5.25072,
                -4.87486
            ],
            "volt": [
                0.1,
                0.325,
                0.55,
                0.775,
                1.0
            ]
        },
        "71.87627327609256": {
            "Cp": [
                -2.96316e-11,
                7.98991e-12,
                -1.23942e-11,
                -1.35584e-11,
                -1.14654e-12
            ],
            "D": [
                1.84879,
                -0.550495,
                -1.04502,
                0.170935,
                0.559705
            ],
            "volt": [
                0.1,
                0.325,
                0.55,
                0.775,
                1.0
            ]
        },
        "258.30993300297683": {
            "Cp": [
                -1.84749e-12,
                -1.77415e-12,
                -1.38019e-12,
                -1.70656e-12,
                -1.99356e-12
            ],
            "D": [
                0.989257,
                1.41125,
                0.996187,
                0.629175,
                0.608152
            ],
            "volt": [
                0.1,
                0.325,
                0.55,
                0.775,
                1.0
            ]
        },
        "928.3177667225565": {
            "Cp": [
                4.31487e-13,
                3.79965e-13,
                3.86712e-13,
                3.73368e-13,
                3.7985e-13
            ],
            "D": [
                -0.70623,
                -0.411208,
                0.151677,
                0.0244123,
                0.00623857
            ],
            "volt": [
                0.1,
                0.325,
                0.55,
                0.775,
                1.0
            ]
        },
        "3336.2010744001186": {
            "Cp": [
                3.85288e-13,
                3.67585e-13,
                3.85747e-13,
                3.94213e-13,
                4.00926e-13
            ],
            "D": [
                -0.140756,
                -0.0465584,
                -0.00801475,
                -0.0344334,
                -0.0325001
            ],
            "volt": [
                0.1,
                0.325,
                0.55,
                0.775,
                1.0
            ]
        },
        "11989.685006378819": {
            "Cp": [
                4.03075e-13,
                4.11987e-13,
                4.11464e-13,
                4.08625e-13,
                4.08396e-13
            ],
            "D": [
                0.0134406,
                -0.00693928,
                0.00532114,
                -0.000301405,
                -0.00129881
            ],
            "volt": [
                0.1,
                0.325,
                0.55,
                0.775,
                1.0
            ]
        },
        "43088.69380063774": {
            "Cp": [
                4.13145e-13,
                4.03599e-13,
                4.10993e-13,
                4.099e-13,
                4.12887e-13
            ],
            "D": [
                -0.0162188,
                -0.0341686,
                -0.0253389,
                -0.0176957,
                -0.0249415
            ],
            "volt": [
                0.1,
                0.325,
                0.55,
                0.775,
                1.0
            ]
        },
        "154852.73653622557": {
            "Cp": [
                4.34379e-13,
                4.32672e-13,
                4.31615e-13,
                4.30664e-13,
                4.3165e-13
            ],
            "D": [
                0.000582808,
                -0.00187721,
                -0.00199261,
                -0.0015951,
                -0.00367259
            ],
            "volt": [
                0.1,
                0.325,
                0.55,
                0.775,
                1.0
            ]
        },
        "556511.8804414253": {
            "Cp": [
                4.41501e-13,
                4.34878e-13,
                4.35001e-13,
                4.34014e-13,
                4.35145e-13
            ],
            "D": [
                0.0757826,
                0.0632763,
                0.0657058,
                0.0600967,
                0.0601839
            ],
            "volt": [
                0.1,
                0.325,
                0.55,
                0.775,
                1.0
            ]
        },
        "2000000.0000000002": {
            "Cp": [
                4.48466e-13,
                4.50079e-13,
                4.50786e-13,
                4.49925e-13,
                4.4993e-13
            ],
            "D": [
                0.173887,
                0.171681,
                0.172595,
                0.172047,
                0.172143
            ],
            "volt": [
                0.1,
                0.325,
                0.55,
                0.775,
                1.0
            ]
        }
    },
    "27.0": {
        "20.000000000000004": {
            "Cp": [
                -1.6855e-11,
                -1.02252e-11,
                -8.86521e-12,
                -9.52634e-12,
                -4.70574e-12
            ],
            "D": [
                -5.19111,
                -4.54806,
                -4.08385,
                -3.49761,
                -6.67991
            ],
            "volt": [
                0.1,
                0.325,
                0.55,
                0.775,
                1.0
            ]
        },
        "71.87627327609256": {
            "Cp": [
                2.7016e-11,
                -2.77584e-11,
                -8.71153e-12,
                -5.33216e-13,
                -1.15094e-11
            ],
            "D": [
                -2.42174,
                -0.454241,
                0.904261,
                -12.9739,
                -0.691128
            ],
            "volt": [
                0.1,
                0.325,
                0.55,
                0.775,
                1.0
            ]
        },
        "258.30993300297683": {
            "Cp": [
                -7.96613e-13,
                -1.26488e-12,
                -1.66935e-12,
                -1.54097e-12,
                -1.48271e-12
            ],
            "D": [
                -0.828461,
                1.39428,
                0.563455,
                0.897679,
                0.850937
            ],
            "volt": [
                0.1,
                0.325,
                0.55,
                0.775,
                1.0
            ]
        },
        "928.3177667225565": {
            "Cp": [
                4.30653e-13,
                3.16729e-13,
                4.29392e-13,
                3.37968e-13,
                3.9431e-13
            ],
            "D": [
                -0.535142,
                -0.268674,
                -0.195974,
                -0.0543252,
                0.100531
            ],
            "volt": [
                0.1,
                0.325,
                0.55,
                0.775,
                1.0
            ]
        },
        "3336.2010744001186": {
            "Cp": [
                4.47406e-13,
                3.93741e-13,
                4.09446e-13,
                3.89803e-13,
                3.96724e-13
            ],
            "D": [
                0.0293943,
                -0.0209906,
                -0.0501481,
                -0.0591171,
                -0.0261909
            ],