{
    "30.0": {
        "Cp": [
            2.24719e-12,
            -6.90846e-12,
            -1.60264e-12,
            3.67484e-13,
            4.04774e-13,
            4.21435e-13,
            4.27312e-13,
            4.49587e-13,
            4.62535e-13,
            5.8756e-13
        ],
        "D": [
            -13.4324,
            -0.519368,
            0.849785,
            4.51142e-05,
            -0.0360208,
            -0.00954278,
            -0.0304091,
            -0.0113156,
            0.0479847,
            0.12466
        ],
        "freq": [
            20.000000000000004,
            71.87627327609256,
            258.30993300297683,
            928.3177667225565,
            3336.2010744001186,
            11989.685006378819,
            43088.69380063774,
            154852.73653622557,
            556511.8804414253,
            2000000.0000000002
        ]
    },
    "31.0": {
        "Cp": [
            -1.19326e-12,
            -7.03233e-12,
            -1.66892e-12,
            3.94766e-13,
            4.03748e-13,
            4.21251e-13,
            4.27181e-13,
            4.49507e-13,
            4.62576e-13,
            5.87597e-13
        ],
        "D": [
            -29.5355,
            -0.557553,
            0.801901,
            -0.0267603,
            -0.0359137,
            -0.00984565,
            -0.03046,
            -0.0115539,
            0.0481152,
            0.12454
        ],
        "freq": [
            20.000000000000004,
            71.87627327609256,
            258.30993300297683,
            928.3177667225565,
            3336.2010744001186,
            11989.685006378819,
            43088.69380063774,
            154852.73653622557,
            556511.8804414253,
            2000000.0000000002
        ]
    },
    "32.0": {
        "Cp": [
            1.8818e-12,
            -6.91847e-12,
            -1.61675e-12,
            3.93776e-13,
            4.04688e-13,
            4.21008e-13,
            4.27301e-13,
            4.49463e-13,
            4.62633e-13,
            5.87618e-13
        ],
        "D": [
            -16.9516,
            -0.497473,
            0.867826,
            0.0100585,
            -0.0366562,
            -0.00961449,
            -0.0305451,
            -0.0112131,
            0.0478965,
            0.12455
        ],
        "freq": [
            20.000000000000004,
            71.87627327609256,
            258.30993300297683,
            928.3177667225565,
            3336.2010744001186,
            11989.685006378819,
            43088.69380063774,
            154852.73653622557,
            556511.8804414253,
            2000000.0000000002
        ]
    },
    "33.0": {
        "Cp": [
            -7.74912e-12,
            -7.68603e-12,
            -1.57888e-12,
            3.87857e-13,
            4.03171e-13,
            4.2121e-13,
            4.27276e-13,
            4.49574e-13,
            4.62651e-13,
            5.87583e-13
        ],
        "D": [
            -3.39561,
            -0.411897,
            0.87301,
            0.0236371,
            -0.0359317,
            -0.00934616,
            -0.030437,
            -0.0116206,
            0.047966,
            0.124601
        ],
        "freq": [
            20.000000000000004,
            71.87627327609256,
            258.30993300297683,
            928.3177667225565,
            3336.2010744001186,
            11989.685006378819,
            43088.69380063774,
            154852.73653622557,
            556511.8804414253,
            2000000.0000000002
        ]
    },
    "34.0": {
        "Cp": [
            -9.84948e-12,
            -7.93753e-12,
            -1.66755e-12,
            3.94882e-13,
            4.049e-13,
            4.21431e-13,
            4.27644e-13,
            4.49619e-13,
            4.63036e-13,
            5.8793e-13
        ],
        "D": [
            -3.26903,
            -0.412459,
            0.850594,
            0.0135135,
            -0.035986,
            -0.00826997,
            -0.0303584,
            -0.0112844,
            0.0480131,
            0.124541
        ],
        "freq": [
            20.000000000000004,
            71.87627327609256,
            258.30993300297683,
            928.3177667225565,
            3336.2010744001186,
            11989.685006378819,
            43088.69380063774,
            154852.73653622557,
            556511.8804414253,
            2000000.0000000002
        ]
    },
    "35.0": {
        "Cp": [
            -4.52643e-12,
            -8.36522e-12,
            -1.60951e-12,
            3.94668e-13,
            4.03815e-13,
            4.21892e-13,
            4.27657e-13,
            4.4989e-13,
            4.62876e-13,
            5.87951e-13
        ],
        "D": [
            -7.59979,
            -0.605185,
            0.83572,
            0.00158011,
            -0.0345901,
            -0.00943561,
            -0.0305595,
            -0.0109221,
            0.0479183,
            0.124529
        ],
        "freq": [
            20.000000000000004,
            71.87627327609256,
            258.30993300297683,
            928.3177667225565,
            3336.2010744001186,
            11989.685006378819,
            43088.69380063774,
            154852.73653622557,
            556511.8804414253,
            2000000.0000000002
        ]
    }
}