{
    "27.0": {
        "Cp": [
            -3.46172e-12,
            -6.66625e-12,
            -1.77968e-12,
            2.66549e-13,
            2.82547e-13,
            2.9942e-13,
            3.04656e-13,
            3.26328e-13,
            3.38027e-13,
            4.50944e-13
        ],
        "D": [
            -8.37139,
            -0.567256,
            0.78028,
            -0.0311279,
            -0.0417476,
            -0.0114823,
            -0.0392369,
            -0.0130176,
            0.0706129,
            0.173356
        ],
        "freq": [
            20.000000000000004,
            71.87627327609256,
            258.30993300297683,
            928.3177667225565,
            3336.2010744001186,
            11989.685006378819,
            43088.69380063774,
            154852.73653622557,
            556511.8804414253,
            2000000.0000000002
        ]
    },
    "28.0": {
        "Cp": [
            -3.68675e-12,
            -8.33855e-12,
            -1.75454e-12,
            2.6776e-13,
            2.82129e-13,
            2.99634e-13,
            3.04693e-13,
            3.26249e-13,
            3.38117e-13,
            4.50996e-13
        ],
        "D": [
            -8.9071,
            -0.574431,
            0.814562,
            0.0321293,
            -0.0421369,
            -0.0107569,
            -0.0393609,
            -0.0131189,
            0.0704965,
            0.173295
        ],
        "freq": [
            20.000000000000004,
            71.87627327609256,
            258.30993300297683,
            928.3177667225565,
            3336.2010744001186,
            11989.685006378819,
            43088.69380063774,
            154852.73653622557,
            556511.8804414253,
            2000000.0000000002
        ]
    },
    "29.0": {
        "Cp": [
            -6.52971e-12,
            -7.10841e-12,
            -1.7678e-12,
            2.70164e-13,
            2.82263e-13,
            2.99705e-13,
            3.04776e-13,
            3.26317e-13,
            3.38009e-13,
            4.50962e-13
        ],
        "D": [
            -4.29515,
            -0.465551,
            0.810959,
            0.0309264,
            -0.0393732,
            -0.0117025,
            -0.0392585,
            -0.0128102,
            0.0706016,
            0.173321
        ],
        "freq": [
            20.000000000000004,
            71.87627327609256,
            258.30993300297683,
            928.3177667225565,
            3336.2010744001186,
            11989.685006378819,
            43088.69380063774,
            154852.73653622557,
            556511.8804414253,
            2000000.0000000002
        ]
    },
    "30.0": {
        "Cp": [
            -2.88604e-12,
            -6.86766e-12,
            -1.78751e-12,
            2.65814e-13,
            2.81963e-13,
            2.99624e-13,
            3.04557e-13,
            3.26429e-13,
            3.38061e-13,
            4.50964e-13
        ],
        "D": [
            -10.3365,
            -0.550934,
            0.785276,
            -0.039901,
            -0.0440164,
            -0.00979282,
            -0.0391797,
            -0.0126431,
            0.0706177,
            0.173288
        ],
        "freq": [
            20.000000000000004,
            71.87627327609256,
            258.30993300297683,
            928.3177667225565,
            3336.2010744001186,
            11989.685006378819,
            43088.69380063774,
            154852.73653622557,
            556511.8804414253,
            2000000.0000000002
        ]
    }
}