{
    "26.0": {
        "20.000000000000004": {
            "Cp": [
                4.7647e-06,
                -1.45966e-11,
                -2.33961e-12,
                -5.40205e-12,
                -4.43111e-12,
                -4.43986e-12
            ],
            "D": [
                -0.227172,
                -2.20435,
                -14.4152,
                -5.64186,
                -7.15743,
                -6.69721
            ],
            "volt": [
                0.0,
                0.2,
                0.4,
                0.6000000000000001,
                0.8,
                1.0
            ]
        },
        "71.87627327609256": {
            "Cp": [
                -2.98359e-06,
                2.56928e-12,
                -1.22894e-11,
                -9.51017e-12,
                -4.01896e-12,
                -7.64809e-12
            ],
            "D": [
                0.342991,
                -5.16979,
                -0.709792,
                0.0391218,
                -0.763998,
                -0.891136
            ],
            "volt": [
                0.0,
                0.2,
                0.4,
                0.6000000000000001,
                0.8,
                1.0
            ]
        },
        "258.30993300297683": {
            "Cp": [
                -2.56714e-09,
                -2.10693e-12,
                -1.7859e-12,
                -1.95011e-12,
                -1.55064e-12,
                -1.62811e-12
            ],
            "D": [
                -4.76097,
                0.614556,
                0.706623,
                0.704035,
                0.922262,
                0.845761
            ],
            "volt": [
                0.0,
                0.2,
                0.4,
                0.6000000000000001,
                0.8,
                1.0
            ]
        },
        "928.3177667225565": {
            "Cp": [
                4.95432e-09,
                4.90345e-13,
                3.66628e-13,
                3.63874e-13,
                3.48236e-13,
                3.60083e-13
            ],
            "D": [
                0.68626,
                -0.069234,
                0.0139892,
                0.0113162,
                -0.0542041,
                0.0104931
            ],
            "volt": [
                0.0,
                0.2,
                0.4,
                0.6000000000000001,
                0.8,
                1.0
            ]
        },
        "3336.2010744001186": {
            "Cp": [
                4.34171e-11,
                3.62412e-13,
                3.70733e-13,
                3.87428e-13,
                3.64327e-13,
                3.66483e-13
            ],
            "D": [
                0.0778982,
                -0.0382318,
                0.0191387,
                -0.0117048,
                -0.0165395,
                -0.00942263
            ],
            "volt": [
                0.0,
                0.2,
                0.4,
                0.6000000000000001,
                0.8,
                1.0
            ]
        },
        "11989.685006378819": {
            "Cp": [
                -6.03763e-11,
                3.79801e-13,
                3.76678e-13,
                3.76778e-13,
                3.79756e-13,
                3.80404e-13
            ],
            "D": [
                1.41065,
                0.028411,
                0.0230647,
                0.0161491,
                0.0158733,
                0.0138009
            ],
            "volt": [
                0.0,
                0.2,
                0.4,
                0.6000000000000001,
                0.8,
                1.0
            ]
        },
        "43088.69380063774": {
            "Cp": [
                5.87483e-12,
                3.80571e-13,
                3.81804e-13,
                3.8049e-13,
                3.80859e-13,
                3.80763e-13
            ],
            "D": [
                -1.63578,
                -0.0214646,
                -0.0170826,
                -0.0202008,
                -0.0190027,
                -0.0170249
            ],
            "volt": [
                0.0,
                0.2,
                0.4,
                0.6000000000000001,
                0.8,
                1.0
            ]
        },
        "154852.73653622557": {
            "Cp": [
                -2.30248e-12,
                3.98847e-13,
                3.98284e-13,
                3.98391e-13,
                3.97602e-13,
                3.98165e-13
            ],
            "D": [
                0.493232,
                0.002176,
                0.00199187,
                0.00221316,
                0.00124564,
                0.00101061
            ],
            "volt": [
                0.0,
                0.2,
                0.4,
                0.6000000000000001,
                0.8,
                1.0
            ]
        },
        "556511.8804414253": {
            "Cp": [
                1.19394e-11,
                3.981e-13,
                3.97439e-13,
                3.9762e-13,
                3.97501e-13,
                3.97603e-13
            ],
            "D": [
                -0.353692,
                0.0738089,
                0.0735811,
                0.0721301,
                0.071589,
                0.0721553
            ],
            "volt": [
                0.0,
                0.2,
                0.4,
                0.6000000000000001,
                0.8,
                1.0
            ]
        },
        "2000000.0000000002": {
            "Cp": [
                9.12933e-13,
                3.93223e-13,
                3.92877e-13,
                3.92694e-13,
                3.92806e-13,
                3.93045e-13
            ],
            "D": [
                0.116046,
                0.203719,
                0.204537,
                0.204921,
                0.203516,
                0.203049
            ],
            "volt": [
                0.0,
                0.2,
                0.4,
                0.6000000000000001,
                0.8,
                1.0
            ]
        }
    },
    "27.0": {
        "20.000000000000004": {
            "Cp": [
                -1.42703e-07,
                -1.08477e-12,
                -3.21403e-12,
                -4.3969e-12,
                -4.63543e-12,
                -3.99331e-12
            ],
            "D": [
                -4.74674,
                -29.6521,
                -8.30932,
                -6.88389,
                -6.47064,
                -7.32105
            ],
            "volt": [
                0.0,
                0.2,
                0.4,
                0.6000000000000001,
                0.8,
                1.0
            ]
        },
        "71.87627327609256": {
            "Cp": [
                1.04846e-05,
                8.81716e-13,
                -1.17554e-11,
                -9.52162e-12,
                -4.28285e-12,
                -7.10669e-12
            ],
            "D": [
                -3.4947,
                -8.85128,
                -0.723754,
                0.0509794,
                -0.371259,
                -0.74713
            ],
            "volt": [
                0.0,
                0.2,
                0.4,
                0.6000000000000001,
                0.8,
                1.0
            ]
        },
        "258.30993300297683": {
            "Cp": [
                -1.10159e-08,
                -1.64305e-12,
                -1.4013e-12,
                -1.36595e-12,
                -1.4414e-12,
                -1.62616e-12
            ],
            "D": [
                -0.0219887,
                0.770974,
                0.786668,
                1.10827,
                1.07939,
                0.880252
            ],