{
    "27.0": {
        "Cp": [
            -5.49312e-12,
            -7.08197e-12,
            -1.19883e-12,
            4.99704e-13,
            5.51455e-13,
            5.66757e-13,
            5.73036e-13,
            5.93689e-13,
            6.05581e-13,
            7.42898e-13
        ],
        "D": [
            -5.31254,
            -1.68315,
            1.28414,
            -0.179804,
            -0.0217125,
            -0.00684217,
            -0.0196968,
            -0.0067004,
            0.0412105,
            0.101262
        ],
        "freq": [
            20.000000000000004,
            71.87627327609256,
            258.30993300297683,
            928.3177667225565,
            3336.2010744001186,
            11989.685006378819,
            43088.69380063774,
            154852.73653622557,
            556511.8804414253,
            2000000.0000000002
        ]
    },
    "28.0": {
        "Cp": [
            -1.11548e-12,
            -7.21489e-12,
            -1.29847e-12,
            4.65392e-13,
            5.5018e-13,
            5.70752e-13,
            5.72434e-13,
            5.92626e-13,
            6.05644e-13,
            7.42792e-13
        ],
        "D": [
            -33.3672,
            0.71457,
            0.812265,
            -0.0067362,
            -0.0122656,
            0.000250914,
            -0.0208541,
            -0.00586759,
            0.0368718,
            0.101233
        ],
        "freq": [
            20.000000000000004,
            71.87627327609256,
            258.30993300297683,
            928.3177667225565,
            3336.2010744001186,
            11989.685006378819,
            43088.69380063774,
            154852.73653622557,
            556511.8804414253,
            2000000.0000000002
        ]
    },
    "29.0": {
        "Cp": [
            -3.86194e-12,
            -9.81875e-12,
            -1.14201e-12,
            5.45541e-13,
            5.57085e-13,
            5.69695e-13,
            5.73293e-13,
            5.93996e-13,
            6.05822e-13,
            7.42833e-13
        ],
        "D": [
            -6.24335,
            -1.08508,
            1.07643,
            0.0430764,
            -0.0268519,
            0.00419403,
            -0.0195865,
            -0.00513381,
            0.0390908,
            0.101209
        ],
        "freq": [
            20.000000000000004,
            71.87627327609256,
            258.30993300297683,
            928.3177667225565,
            3336.2010744001186,
            11989.685006378819,
            43088.69380063774,
            154852.73653622557,
            556511.8804414253,
            2000000.0000000002
        ]
    },
    "30.0": {
        "Cp": [
            -5.22596e-12,
            -7.65346e-13,
            -1.14459e-12,
            4.80696e-13,
            5.55881e-13,
            5.66914e-13,
            5.72127e-13,
            5.91446e-13,
            6.06637e-13,
            7.42432e-13
        ],
        "D": [
            -6.12856,
            -1.40524,
            1.25721,
            -0.0576507,
            -0.0235838,
            -0.000701387,
            -0.0194486,
            -0.00578642,
            0.0411255,
            0.101153
        ],
        "freq": [
            20.000000000000004,
            71.87627327609256,
            258.30993300297683,
            928.3177667225565,
            3336.2010744001186,
            11989.685006378819,
            43088.69380063774,
            154852.73653622557,
            556511.8804414253,
            2000000.0000000002
        ]
    }
}