{
    "27.0": {
        "20.000000000000004": {
            "Cp": [
                -1.41382e-11,
                -4.04749e-12,
                1.53433e-12,
                -3.83373e-12,
                -3.64659e-12,
                -4.84407e-12,
                -4.77834e-12,
                -4.62333e-12,
                -5.03644e-12,
                -4.36861e-12
            ],
            "D": [
                -1.84096,
                -8.7468,
                -20.0931,
                -7.46325,
                -7.78141,
                -6.05979,
                -6.33594,
                -6.57886,
                -6.04641,
                -6.81974
            ],
            "volt": [
                0.1,
                0.2,
                0.30000000000000004,
                0.4,
                0.5,
                0.6,
                0.7000000000000001,
                0.8,
                0.9,
                1.0
            ]
        },
        "71.87627327609256": {
            "Cp": [
                -2.03918e-11,
                3.71685e-12,
                -1.69947e-12,
                -1.1856e-11,
                -9.88799e-12,
                -5.02242e-12,
                -2.56068e-12,
                -7.00818e-12,
                -9.34114e-12,
                -8.43584e-12
            ],
            "D": [
                0.655427,
                0.860208,
                -6.83242,
                -0.609456,
                -0.480173,
                0.00863305,
                -2.24125,
                -0.867575,
                -0.33668,
                -0.344099
            ],
            "volt": [
                0.1,
                0.2,
                0.30000000000000004,
                0.4,
                0.5,
                0.6,
                0.7000000000000001,
                0.8,
                0.9,
                1.0
            ]
        },
        "258.30993300297683": {
            "Cp": [
                -1.5636e-12,
                -1.13001e-12,
                -1.13427e-12,
                -8.92225e-13,
                -6.85598e-13,
                -6.88558e-13,
                -9.04252e-13,
                -9.40963e-13,
                -9.363e-13,
                -8.9819e-13
            ],
            "D": [
                1.41458,
                1.25139,
                1.46342,
                1.83866,
                2.28468,
                2.03864,
                1.40378,
                1.34835,
                1.55453,
                1.76355
            ],
            "volt": [
                0.1,
                0.2,
                0.30000000000000004,
                0.4,
                0.5,
                0.6,
                0.7000000000000001,
                0.8,
                0.9,
                1.0
            ]
        },
        "928.3177667225565": {
            "Cp": [
                1.34859e-12,
                1.12289e-12,
                1.11961e-12,
                1.12624e-12,
                1.11428e-12,
                1.12366e-12,
                1.06326e-12,
                1.0854e-12,
                1.11791e-12,
                1.14045e-12
            ],
            "D": [
                0.0816763,
                0.0658683,
                0.019778,
                0.0318864,
                0.0284189,
                0.0382318,
                0.0222512,
                0.0243534,
                0.0370745,
                0.0445231
            ],
            "volt": [
                0.1,
                0.2,
                0.30000000000000004,
                0.4,
                0.5,
                0.6,
                0.7000000000000001,
                0.8,
                0.9,
                1.0
            ]
        },
        "3336.2010744001186": {
            "Cp": [
                1.07049e-12,
                1.09829e-12,
                1.1098e-12,
                1.09959e-12,
                1.10615e-12,
                1.10083e-12,
                1.10502e-12,
                1.10106e-12,
                1.10101e-12,
                1.10394e-12
            ],
            "D": [
                0.0365415,
                0.00779573,
                0.0177113,
                0.0154527,
                0.0148183,
                0.0121391,
                0.0132724,
                0.00976722,
                0.0178761,
                0.0131934
            ],
            "volt": [
                0.1,
                0.2,
                0.30000000000000004,
                0.4,
                0.5,
                0.6,
                0.7000000000000001,
                0.8,
                0.9,
                1.0
            ]
        },
        "11989.685006378819": {
            "Cp": [
                1.09633e-12,
                1.09793e-12,
                1.09754e-12,
                1.09664e-12,
                1.09685e-12,
                1.09762e-12,
                1.09907e-12,
                1.09489e-12,
                1.09651e-12,
                1.09756e-12
            ],
            "D": [
                0.00428394,
                0.0238574,
                0.0171101,
                0.0179826,
                0.0183421,
                0.0175353,
                0.0192171,
                0.0191334,
                0.018876,
                0.0193071
            ],
            "volt": [
                0.1,
                0.2,
                0.30000000000000004,
                0.4,
                0.5,
                0.6,
                0.7000000000000001,
                0.8,
                0.9,
                1.0
            ]
        },
        "43088.69380063774": {
            "Cp": [
                1.0857e-12,
                1.0852e-12,
                1.08625e-12,
                1.08607e-12,
                1.08705e-12,
                1.08619e-12,
                1.08641e-12,
                1.08629e-12,
                1.08629e-12,
                1.08659e-12
            ],
            "D": [
                0.00306554,
                0.00573378,
                0.00497199,
                0.00533559,
                0.00543982,
                0.00560588,
                0.00514631,
                0.00543416,
                0.00534559,
                0.00547176
            ],
            "volt": [
                0.1,
                0.2,
                0.30000000000000004,
                0.4,
                0.5,
                0.6,
                0.7000000000000001,
                0.8,
                0.9,
                1.0
            ]
        },
        "154852.73653622557": {
            "Cp": [
                5.52693e-13,
                5.4337e-13,
                5.43798e-13,
                5.41097e-13,
                5.43981e-13,
                5.43832e-13,
                5.43821e-13,
                5.44144e-13,
                5.44432e-13,
                5.43902e-13
            ],
            "D": [
                -0.00804638,
                0.00534182,
                0.00604781,
                -0.000165635,
                0.00572065,
                0.00601568,
                0.00521214,
                0.00545866,
                0.00553058,
                0.0051618
            ],
            "volt": [
                0.1,
                0.2,
                0.30000000000000004,
                0.4,
                0.5,
                0.6,
                0.7000000000000001,
                0.8,
                0.9,
                1.0
            ]
        },
        "556511.8804414253": {
            "Cp": [
                5.45167e-13,
                5.44769e-13,
                5.44414e-13,
                5.44491e-13,
                5.4432e-13,
                5.43802e-13,
                5.44376e-13,
                5.44278e-13,
                5.44425e-13,
                5.44755e-13
            ],