{
    "volt": 1.0,
    "26.0": {
        "Cp": [
            -3.0065e-12,
            -5.3631e-12,
            -9.72234e-13,
            -5.37357e-12,
            -1.51726e-13,
            -6.6083e-12,
            -3.82198e-12,
            -5.87646e-11,
            -1.33641e-10,
            -3.29957e-11,
            -7.56823e-12,
            -3.24872e-12,
            -1.44057e-11,
            -1.18556e-11,
            -1.47582e-11,
            -8.74815e-12,
            -4.40526e-12,
            -1.27455e-12,
            -4.7009e-14,
            -1.33812e-12,
            -1.14222e-12,
            -1.55308e-12,
            -1.81075e-12,
            9.58355e-13,
            9.26047e-13,
            9.59734e-13,
            3.69101e-13,
            2.53346e-13,
            3.43794e-13,
            1.67939e-13,
            2.86105e-13,
            3.56883e-13,
            4.2822e-13,
            3.51537e-13,
            4.13453e-13,
            3.76169e-13,
            4.06856e-13,
            3.98705e-13,
            3.82008e-13,
            3.99993e-13,
            4.07255e-13,
            4.06485e-13,
            4.05756e-13,
            4.0577e-13,
            4.06744e-13,
            4.12089e-13,
            4.1575e-13,
            4.14881e-13,
            4.18187e-13,
            4.12332e-13,
            4.13122e-13,
            4.14203e-13,
            4.10393e-13,
            4.16824e-13,
            4.21638e-13,
            4.24274e-13,
            4.17825e-13,
            4.10339e-13,
            4.2602e-13,
            4.31012e-13,
            4.32387e-13,
            4.27938e-13,
            4.22456e-13,
            4.23913e-13,
            4.24973e-13,
            4.27166e-13,
            4.26153e-13,
            4.24158e-13,
            4.28257e-13,
            4.33814e-13,
            4.3062e-13,
            4.28261e-13,
            4.31169e-13,
            4.36174e-13,
            4.39619e-13,
            4.41988e-13,
            4.43261e-13,
            4.45002e-13,
            4.46644e-13,
            4.47295e-13,
            4.50074e-13,
            4.54182e-13,
            4.50262e-13,
            4.47352e-13,
            4.48007e-13,
            4.48534e-13,
            4.48996e-13,
            4.5015e-13,
            4.47603e-13,
            4.45455e-13,
            4.45835e-13,
            4.44365e-13,
            4.49823e-13,
            4.57167e-13,
            4.52381e-13,
            4.50209e-13,
            4.51765e-13,
            4.55547e-13,
            4.6243e-13,
            4.70454e-13
        ],
        "D": [
            -10.9613,
            -2.88446,
            -1.67674,
            -2.14677,
            15.3506,
            2.58575,
            4.50163,
            1.25354,
            -0.396797,
            -1.10339,
            0.512649,
            -3.21851,
            -0.302615,
            0.556645,
            1.25705,
            1.04115,
            0.259001,
            -1.15195,
            -22.5521,
            -0.46634,
            -0.230912,
            0.0847968,
            0.760109,
            0.715807,
            -0.382446,
            -0.329097,
            -0.719467,
            -0.564675,
            -0.249455,
            -0.350861,
            -0.0082287,
            -0.0358397,
            -0.0631132,
            -0.076323,
            -0.0421428,
            0.0639919,
            -0.129795,
            -0.118224,
            -0.0589513,
            -0.0410346,
            -0.0402553,
            -0.0681764,
            -0.0370086,
            -0.027417,
            -0.0203623,
            -0.0332353,
            -0.0278649,
            -0.0312773,
            -0.0388192,
            -0.0350604,
            -0.042046,
            -0.0385557,
            -0.025154,
            -0.025822,
            -0.013381,
            -0.00335143,
            -0.0093512,
            -0.0336102,
            -0.0263142,
            -0.0292345,
            -0.0188061,
            -0.0129927,
            -0.0136696,
            -0.0116118,
            -0.0181527,
            -0.0222608,
            -0.0223297,
            -0.0243178,
            -0.0205113,
            -0.0133685,
            4.67762e-05,
            0.0140608,
            0.00934341,
            -0.00659571,
            -0.00776861,
            -0.00405058,
            -0.0042894,
            -0.0042746,
            -0.00167631,
            0.000808837,
            0.00715368,
            0.0143924,
            0.0133722,
            0.0122805,
            0.0167062,
            0.0209343,
            0.0280592,
            0.0366493,
            0.0583139,
            0.0719158,
            0.0664058,
            0.0577279,
            0.0634681,
            0.0716741,
            0.0875572,
            0.103974,
            0.120884,
            0.136181,
            0.14753,
            0.158602
        ],