{
    "volt": 1.0,
    "27.0": {
        "Cp": [
            -6.19052e-12,
            -5.6456e-12,
            -1.06891e-12,
            -6.37849e-12,
            4.84169e-13,
            -2.71426e-12,
            -3.58628e-12,
            -5.39361e-11,
            -1.30265e-10,
            -3.22358e-11,
            -7.31137e-12,
            -5.26081e-13,
            -5.65119e-12,
            -1.9159e-11,
            -1.22074e-11,
            -6.87514e-12,
            -6.03176e-12,
            3.32993e-13,
            4.69242e-13,
            -1.98664e-13,
            -9.17471e-13,
            -1.7509e-12,
            -1.47365e-12,
            1.36033e-12,
            1.40562e-12,
            9.49256e-13,
            6.05874e-13,
            4.8673e-13,
            6.43048e-13,
            4.97708e-13,
            4.65137e-13,
            5.3323e-13,
            5.84146e-13,
            5.8785e-13,
            5.774e-13,
            5.84437e-13,
            6.20547e-13,
            6.14483e-13,
            5.99911e-13,
            6.12551e-13,
            6.07723e-13,
            6.13965e-13,
            6.0913e-13,
            6.25313e-13,
            6.15704e-13,
            6.21503e-13,
            6.28646e-13,
            6.28499e-13,
            6.27516e-13,
            6.28898e-13,
            6.25303e-13,
            6.23117e-13,
            6.25739e-13,
            6.23775e-13,
            6.30803e-13,
            6.32112e-13,
            6.24893e-13,
            6.19657e-13,
            6.30497e-13,
            6.39146e-13,
            6.36558e-13,
            6.31762e-13,
            6.29755e-13,
            6.26778e-13,
            6.29458e-13,
            6.29254e-13,
            6.30103e-13,
            6.26991e-13,
            6.31665e-13,
            6.35432e-13,
            6.32432e-13,
            6.30123e-13,
            6.32656e-13,
            6.36851e-13,
            6.40032e-13,
            6.42305e-13,
            6.43838e-13,
            6.4481e-13,
            6.45552e-13,
            6.45871e-13,
            6.48363e-13,
            6.51311e-13,
            6.47308e-13,
            6.43798e-13,
            6.43405e-13,
            6.43268e-13,
            6.4254e-13,
            6.43651e-13,
            6.38678e-13,
            6.35112e-13,
            6.33677e-13,
            6.29052e-13,
            6.30427e-13,
            6.34806e-13,
            6.24821e-13,
            6.1662e-13,
            6.09336e-13,
            6.04536e-13,
            5.99391e-13,
            5.91983e-13
        ],
        "D": [
            -5.5141,
            -2.58779,
            -1.71751,
            -1.87763,
            -0.216354,
            7.61828,
            6.11916,
            1.32415,
            -0.380478,
            -1.16328,
            0.65165,
            5.08523,
            -1.03581,
            0.354716,
            0.903779,
            1.08638,
            0.653772,
            -2.3033,
            -0.349311,
            -2.94946,
            0.194628,
            0.0772585,
            0.825337,
            0.341683,
            -0.00191076,
            -0.384596,
            -0.904672,
            -0.374356,
            -0.140658,
            -0.0205227,
            -0.12429,
            0.126109,
            -0.0583902,
            -0.0946884,
            -0.00246633,
            -0.0240288,
            -0.0629726,
            -0.0496349,
            -0.0417699,
            -0.0350955,
            -0.0367432,
            -0.0312209,
            -0.044768,
            -0.00708521,
            -0.0296714,
            -0.014602,
            -0.0151884,
            -0.0175324,
            -0.0212254,
            -0.0217102,
            -0.0183558,
            -0.0182781,
            -0.0166823,
            -0.0132285,
            0.00120038,
            0.00870759,
            -0.00114798,
            -0.0182207,
            -0.0133092,
            -0.0046243,
            -0.0101545,
            -0.00432799,
            -0.00161765,
            -0.00184874,
            -0.00213653,
            -0.00654797,
            -0.00829201,
            -0.00906061,
            -0.00666697,
            -0.0031118,
            0.00576475,
            0.0155771,
            0.0121456,
            0.000868616,
            -0.000962334,
            0.00187408,
            0.00121468,
            0.00115081,
            0.0029631,
            0.0041997,
            0.00852942,
            0.0125112,
            0.0106959,
            0.00977634,
            0.0116569,
            0.0147525,
            0.0180535,
            0.0241598,
            0.0362149,
            0.0448382,
            0.0408432,
            0.0349122,
            0.0355448,
            0.0407625,
            0.0498395,
            0.0593529,
            0.0724949,
            0.0788402,
            0.0855401,
            0.0935551
        ],