{
    "volt": 1.0,
    "26.0": {
        "Cp": [
            -5.41687e-12,
            -7.78692e-12,
            8.58965e-14,
            -5.88732e-12,
            -1.47688e-11,
            -1.09391e-11,
            5.98018e-12,
            -7.64907e-11,
            -1.33479e-10,
            -2.64035e-11,
            -1.3297e-11,
            -2.13428e-12,
            -1.38598e-11,
            -1.34084e-11,
            -1.56681e-11,
            -9.55147e-12,
            -4.40798e-12,
            -1.0006e-12,
            -2.82796e-14,
            -1.1609e-12,
            -1.04868e-12,
            -2.5289e-12,
            -1.46509e-12,
            1.22483e-12,
            9.08731e-13,
            9.50397e-13,
            4.28605e-13,
            3.15377e-13,
            1.98161e-13,
            2.36754e-13,
            3.18532e-13,
            3.54822e-13,
            4.16593e-13,
            3.81114e-13,
            3.72498e-13,
            3.81929e-13,
            3.85784e-13,
            3.59208e-13,
            3.73137e-13,
            3.89862e-13,
            3.77837e-13,
            3.87165e-13,
            3.89825e-13,
            3.92949e-13,
            3.94105e-13,
            3.93129e-13,
            3.99828e-13,
            3.99708e-13,
            4.00173e-13,
            4.03425e-13,
            3.97083e-13,
            3.95129e-13,
            3.98538e-13,
            4.02564e-13,
            4.07437e-13,
            4.09059e-13,
            4.03814e-13,
            3.99634e-13,
            4.08898e-13,
            4.16738e-13,
            4.18108e-13,
            4.13786e-13,
            4.10276e-13,
            4.08267e-13,
            4.1085e-13,
            4.14684e-13,
            4.12696e-13,
            4.10452e-13,
            4.14448e-13,
            4.2117e-13,
            4.16587e-13,
            4.14381e-13,
            4.16989e-13,
            4.22139e-13,
            4.25441e-13,
            4.29222e-13,
            4.30557e-13,
            4.33246e-13,
            4.32229e-13,
            4.3389e-13,
            4.37353e-13,
            4.40758e-13,
            4.36989e-13,
            4.33688e-13,
            4.34238e-13,
            4.3466e-13,
            4.35851e-13,
            4.36566e-13,
            4.34082e-13,
            4.32902e-13,
            4.33721e-13,
            4.31138e-13,
            4.36331e-13,
            4.43149e-13,
            4.37028e-13,
            4.34916e-13,
            4.36336e-13,
            4.3961e-13,
            4.46089e-13,
            4.53799e-13
        ],
        "D": [
            -4.82389,
            -1.70513,
            -17.0213,
            0.0977729,
            -0.145385,
            -0.364979,
            0.0934755,
            0.849912,
            -0.539133,
            -0.988862,
            -0.271059,
            -1.25882,
            -0.523313,
            0.683258,
            1.0705,
            0.887905,
            0.496624,
            -1.06557,
            -28.3168,
            -0.465986,
            0.241526,
            0.0577554,
            0.783886,
            0.509762,
            -0.303007,
            -0.390284,
            -0.371248,
            -0.429185,
            -0.510212,
            0.0854633,
            -0.196586,
            -0.279877,
            -0.0520425,
            0.0508552,
            0.0538921,
            -0.0526798,
            -0.133822,
            -0.0985497,
            -0.145835,
            -0.0620353,
            -0.0670857,
            -0.0746031,
            -0.0727929,
            -0.0240284,
            -0.0328983,
            -0.0345726,
            -0.0371684,
            -0.0375443,
            -0.0469648,
            -0.0436815,
            -0.0469633,
            -0.0413402,
            -0.0306495,
            -0.0304275,
            -0.0207318,
            0.00318055,
            -0.0162562,
            -0.035138,
            -0.0302398,
            -0.027015,
            -0.0243555,
            -0.0162373,
            -0.0146281,
            -0.0103612,
            -0.0150094,
            -0.0242379,
            -0.0235034,
            -0.0258501,
            -0.0237779,
            -0.0186084,
            -0.00142501,
            0.0149711,
            0.0108285,
            -0.00637285,
            -0.0073955,
            -0.0102673,
            -0.00701741,
            -0.00665735,
            -0.00113897,
            0.0034665,
            0.0064385,
            0.0175633,
            0.0121407,
            0.0154259,
            0.0185039,
            0.0223354,
            0.0307872,
            0.0396979,
            0.0620229,
            0.076625,
            0.0707817,
            0.0658585,
            0.0706832,
            0.0781815,
            0.0950598,
            0.113239,
            0.131689,
            0.147832,
            0.161336,
            0.172176
        ],