{
    "26.0": {
        "20.000000000000004": {
            "Cp": [
                1.12935e-11,
                8.58644e-12,
                -4.87446e-12,
                -6.54725e-12,
                -4.33664e-12
            ],
            "D": [
                -5.21389,
                -2.49675,
                -6.32733,
                -4.62651,
                -6.75733
            ],
            "volt": [
                0.1,
                0.325,
                0.55,
                0.775,
                1.0
            ]
        },
        "71.87627327609256": {
            "Cp": [
                -2.10917e-11,
                8.04025e-12,
                -1.02015e-11,
                -1.49518e-11,
                -4.09911e-12
            ],
            "D": [
                2.67647,
                -0.551238,
                -1.21512,
                -0.047814,
                0.51758
            ],
            "volt": [
                0.1,
                0.325,
                0.55,
                0.775,
                1.0
            ]
        },
        "258.30993300297683": {
            "Cp": [
                -4.29995e-13,
                -1.26101e-12,
                -1.46984e-12,
                -1.81309e-12,
                -1.89745e-12
            ],
            "D": [
                -5.21853,
                0.784479,
                0.611469,
                0.665131,
                0.760106
            ],
            "volt": [
                0.1,
                0.325,
                0.55,
                0.775,
                1.0
            ]
        },
        "928.3177667225565": {
            "Cp": [
                5.38067e-13,
                4.8839e-13,
                3.73708e-13,
                3.24753e-13,
                3.89405e-13
            ],
            "D": [
                -0.321186,
                -0.318779,
                0.229673,
                -0.277178,
                -0.0685681
            ],
            "volt": [
                0.1,
                0.325,
                0.55,
                0.775,
                1.0
            ]
        },
        "3336.2010744001186": {
            "Cp": [
                3.97473e-13,
                3.92254e-13,
                3.99012e-13,
                3.90492e-13,
                3.94632e-13
            ],
            "D": [
                -0.0315023,
                -0.0617051,
                -0.0432613,
                -0.0453498,
                -0.0256388
            ],
            "volt": [
                0.1,
                0.325,
                0.55,
                0.775,
                1.0
            ]
        },
        "11989.685006378819": {
            "Cp": [
                4.07193e-13,
                4.06682e-13,
                4.10805e-13,
                4.10975e-13,
                4.10721e-13
            ],
            "D": [
                -0.0225878,
                -0.00789435,
                -0.00557167,
                -0.00527109,
                -0.00512527
            ],
            "volt": [
                0.1,
                0.325,
                0.55,
                0.775,
                1.0
            ]
        },
        "43088.69380063774": {
            "Cp": [
                4.06957e-13,
                4.12153e-13,
                4.13279e-13,
                4.1295e-13,
                4.1354e-13
            ],
            "D": [
                -0.0321308,
                -0.0208837,
                -0.0213177,
                -0.0244316,
                -0.0224133
            ],
            "volt": [
                0.1,
                0.325,
                0.55,
                0.775,
                1.0
            ]
        },
        "154852.73653622557": {
            "Cp": [
                4.29767e-13,
                4.45217e-13,
                4.30904e-13,
                4.30942e-13,
                4.31565e-13
            ],
            "D": [
                0.000680828,
                -0.0156517,
                -0.00134222,
                -0.00793255,
                -0.00713157
            ],
            "volt": [
                0.1,
                0.325,
                0.55,
                0.775,
                1.0
            ]
        },
        "556511.8804414253": {
            "Cp": [
                4.28951e-13,
                4.33724e-13,
                4.33623e-13,
                4.32864e-13,
                4.3346e-13
            ],
            "D": [
                0.0213597,
                0.0631971,
                0.060913,
                0.0619429,
                0.0592061
            ],
            "volt": [
                0.1,
                0.325,
                0.55,
                0.775,
                1.0
            ]
        },
        "2000000.0000000002": {
            "Cp": [
                4.49225e-13,
                4.5412e-13,
                4.53575e-13,
                4.53612e-13,
                4.53316e-13
            ],
            "D": [
                0.174166,
                0.172512,
                0.174034,
                0.172452,
                0.173026
            ],
            "volt": [
                0.1,
                0.325,
                0.55,
                0.775,
                1.0
            ]
        }
    },
    "27.0": {
        "20.000000000000004": {
            "Cp": [
                3.75568e-12,
                6.30391e-12,
                -6.51445e-12,
                -7.15803e-12,
                -2.53327e-12
            ],
            "D": [
                -13.1323,
                -4.31556,
                -4.09232,
                -4.77944,
                -12.435
            ],
            "volt": [
                0.1,
                0.325,
                0.55,
                0.775,
                1.0
            ]
        },
        "71.87627327609256": {
            "Cp": [
                -2.00772e-11,
                -2.35945e-11,
                9.77525e-13,
                8.04196e-13,
                -1.12539e-11
            ],
            "D": [
                -2.77244,
                0.154798,
                7.24842,
                -13.0017,
                -0.826046
            ],
            "volt": [
                0.1,
                0.325,
                0.55,
                0.775,
                1.0
            ]
        },
        "258.30993300297683": {
            "Cp": [
                -2.20103e-12,
                -1.07878e-12,
                -1.49936e-12,
                -1.58926e-12,
                -1.67216e-12
            ],
            "D": [
                1.91723,
                2.01491,
                0.930415,
                0.856685,
                0.887771
            ],
            "volt": [
                0.1,
                0.325,
                0.55,
                0.775,
                1.0
            ]
        },
        "928.3177667225565": {
            "Cp": [
                -1.65814e-13,
                3.94459e-13,
                4.11406e-13,
                3.40142e-13,
                3.68254e-13
            ],
            "D": [
                0.767708,
                0.0151971,
                -0.139556,
                -0.00885978,
                0.0811516
            ],
            "volt": [
                0.1,
                0.325,
                0.55,
                0.775,
                1.0
            ]
        },
        "3336.2010744001186": {
            "Cp": [
                3.97662e-13,
                3.72968e-13,
                3.83585e-13,
                3.73068e-13,
                3.67701e-13
            ],
            "D": [
                -0.03828,
                -0.0162599,
                -0.0304056,
                -0.0227761,
                -0.037026
            ],